{"name":"DinNextRegular","type":"TTF","desc":{"CapHeight":680,"XHeight":479,"FontBBox":"[-178 -428 1268 1389]","Flags":4,"Ascent":1200,"Descent":-270,"Leading":0,"ItalicAngle":0,"StemV":87,"MissingWidth":379},"unitsPerEm":1000,"up":-175,"ut":50,"strp":250,"strs":50,"ttffile":"\/home\/nafithh\/www\/www\/test\/admin\/..\/css\/fonts\/din-next\/\/regular\/DinNextRegular.ttf","TTCfontID":0,"originalsize":144940,"sip":false,"smp":false,"BMPselected":false,"fontkey":"dinnextregular","panose":" 0 0 2 b 5 3 2 2 3 5 2 3","haskerninfo":false,"haskernGPOS":true,"hassmallcapsGSUB":false,"fontmetrics":"win","useOTL":255,"rtlPUAstr":"\\x{0E000}-\\x{0E002}\\x{0E005}-\\x{0E028}","GSUBScriptLang":{"arab":"DFLT ARA  FAR  URD  ","latn":"DFLT "},"GSUBFeatures":{"arab":{"DFLT":{"ccmp":[3],"fina":[4],"medi":[5],"init":[6],"rlig":[8],"dlig":[9],"frac":[10],"pnum":[11],"calt":[12]},"ARA ":{"locl":[0],"ccmp":[3],"fina":[4],"medi":[5],"init":[6],"isol":[7],"rlig":[8],"dlig":[9],"frac":[10],"pnum":[11],"calt":[12]},"FAR ":{"locl":[1],"ccmp":[3],"fina":[4],"medi":[5],"init":[6],"rlig":[8],"dlig":[9],"frac":[10],"pnum":[11]},"URD ":{"locl":[2],"ccmp":[3],"fina":[4],"medi":[5],"init":[6],"rlig":[8],"dlig":[9],"frac":[10],"pnum":[11]}},"latn":{"DFLT":{"frac":[10]}}},"GSUBLookups":[{"Type":1,"Flag":1,"SubtableCount":1,"Subtables":[134152],"MarkFilteringSet":""},{"Type":1,"Flag":1,"SubtableCount":1,"Subtables":[134164],"MarkFilteringSet":""},{"Type":1,"Flag":1,"SubtableCount":1,"Subtables":[134176],"MarkFilteringSet":""},{"Type":4,"Flag":1,"SubtableCount":1,"Subtables":[134202],"MarkFilteringSet":""},{"Type":1,"Flag":1,"SubtableCount":1,"Subtables":[134498],"MarkFilteringSet":""},{"Type":1,"Flag":1,"SubtableCount":1,"Subtables":[134650],"MarkFilteringSet":""},{"Type":1,"Flag":1,"SubtableCount":1,"Subtables":[134796],"MarkFilteringSet":""},{"Type":6,"Flag":1,"SubtableCount":1,"Subtables":[134942],"MarkFilteringSet":""},{"Type":4,"Flag":9,"SubtableCount":1,"Subtables":[135210],"MarkFilteringSet":""},{"Type":4,"Flag":1,"SubtableCount":1,"Subtables":[135312],"MarkFilteringSet":""},{"Type":4,"Flag":0,"SubtableCount":1,"Subtables":[135356],"MarkFilteringSet":""},{"Type":1,"Flag":1,"SubtableCount":1,"Subtables":[135438],"MarkFilteringSet":""},{"Type":6,"Flag":1,"SubtableCount":1,"Subtables":[135510],"MarkFilteringSet":""},{"Type":1,"Flag":1,"SubtableCount":1,"Subtables":[135778],"MarkFilteringSet":""},{"Type":1,"Flag":1,"SubtableCount":1,"Subtables":[135790],"MarkFilteringSet":""}],"GPOSScriptLang":{"arab":"DFLT ARA  FAR  URD  ","latn":"DFLT "},"GPOSFeatures":{"arab":{"DFLT":{"mark":[0,1],"mkmk":[2,3],"kern":[4]},"ARA ":{"mark":[0,1],"mkmk":[2,3],"kern":[4]},"FAR ":{"mark":[0,1],"mkmk":[2,3],"kern":[4]},"URD ":{"mark":[0,1],"mkmk":[2,3],"kern":[4]}},"latn":{"DFLT":{"kern":[4]}}},"GPOSLookups":[{"Type":4,"Flag":1,"SubtableCount":1,"Subtables":[135968],"MarkFilteringSet":""},{"Type":5,"Flag":1,"SubtableCount":1,"Subtables":[139304],"MarkFilteringSet":""},{"Type":6,"Flag":257,"SubtableCount":1,"Subtables":[140146],"MarkFilteringSet":""},{"Type":6,"Flag":512,"SubtableCount":1,"Subtables":[140676],"MarkFilteringSet":""},{"Type":2,"Flag":8,"SubtableCount":1,"Subtables":[140832],"MarkFilteringSet":""}],"kerninfo":[]}